TeacherID,FirstName,LastName,Email,Phone
1,William,Beck,Fusce.diam.nunc@scelerisquemollis.ca,1-644-350-2255
2,Leigh,Yang,tortor.at.risus@neque.com,1-858-379-2661
3,Steven,Finch,eros.turpis.non@atarcu.edu,1-526-651-4346
4,Cassady,Mcmillan,felis.Donec.tempor@facilisismagna.ca,1-791-580-7062
5,Chastity,Rasmussen,cursus.luctus@purusgravida.org,1-911-578-9376
6,Evangeline,Flynn,vel.pede.blandit@Donec.org,1-576-325-6337
7,Dillon,Ford,leo.Vivamus.nibh@leo.net,1-659-826-7610
8,Cameron,Rose,ligula@idlibero.org,1-816-594-1945
9,Kibo,Horn,Suspendisse.sagittis@Donectemporest.ca,1-510-275-9622
10,Serena,Mcgowan,ridiculus.mus.Proin@semper.net,1-386-287-4693
11,Destiny,Manning,euismod.mauris@auctor.org,1-305-979-7648
12,Elijah,Scott,magna.et@augueacipsum.edu,1-323-900-0797
13,Ahmed,Kidd,porttitor@faucibusutnulla.org,1-469-976-7798
14,Britanney,Estes,eget@felis.com,1-702-334-4305
15,Bernard,Duran,ut@egestashendrerit.edu,1-646-653-4578
16,Kyla,Stafford,odio@nonmassa.net,1-491-906-0806
17,Zia,Vance,Praesent.eu.dui@amet.co.uk,1-313-694-0304
18,Kennan,Stephens,convallis@faucibuslectusa.co.uk,1-839-518-1677
19,Joel,Larsen,sit.amet.metus@Vestibulumanteipsum.ca,1-406-568-4342
20,Joshua,Daugherty,vulputate.mauris@ultricesaauctor.org,1-777-668-9638
21,Alfonso,Oconnor,lacus@Proin.net,1-321-843-7398
22,Merrill,Hebert,risus.quis.diam@Vivamusrhoncus.ca,1-868-849-5494
23,Zeus,Evans,sem.egestas.blandit@Nullaaliquet.net,1-244-337-0897
24,Hakeem,Burgess,erat@magna.co.uk,1-351-117-3869
25,Talon,Blanchard,aliquet.diam@Quisque.ca,1-845-415-5629
26,Dahlia,Herman,interdum.enim@faucibuslectus.co.uk,1-464-381-0523
27,Julian,Vincent,neque.et.nunc@acturpisegestas.ca,1-922-982-1304
28,Wesley,Neal,Duis.sit.amet@posuere.co.uk,1-139-495-7262
29,Basil,Pickett,tincidunt@Phasellusat.net,1-658-844-1326
30,Fiona,Ramsey,est.Mauris@mattis.edu,1-163-937-2864
31,Christine,Mcgee,malesuada.augue.ut@nonegestas.org,1-365-258-9031
32,Evelyn,Weber,lectus.pede@dui.edu,1-309-600-3654
33,Dorothy,Valencia,iaculis.enim@vulputate.edu,1-202-392-1183
34,Bert,Benton,Maecenas.iaculis.aliquet@est.com,1-284-936-8188
35,Andrew,Hopkins,auctor.quis.tristique@congueturpisIn.org,1-749-833-3954
36,Quinlan,Glenn,Donec.fringilla.Donec@Vivamus.org,1-968-947-6609
37,Patricia,Henry,Cum.sociis.natoque@Sednulla.net,1-680-273-9058
38,Chaney,Whitaker,lacus.Nulla.tincidunt@mauris.co.uk,1-525-350-9965
39,Courtney,Rivas,pharetra@Aeneaneuismod.org,1-973-160-3133
40,Echo,Ingram,sapien@eu.edu,1-179-982-2626
41,Libby,Justice,quis.turpis@risusat.com,1-419-715-2849
42,Belle,Forbes,nec.urna@Aliquamultricesiaculis.net,1-510-828-9681
43,Vivian,Curry,molestie.Sed.id@quisaccumsanconvallis.com,1-874-335-6058
44,Eagan,Pruitt,amet.lorem.semper@gravida.edu,1-970-907-0832
45,Olivia,Sampson,tortor.at@quamCurabitur.ca,1-853-818-6886
46,Caryn,Price,Vivamus.non@Integertinciduntaliquam.com,1-976-384-0682
47,Kameko,Cash,amet.lorem@miacmattis.net,1-503-530-0364
48,Amal,Robles,et.eros.Proin@porttitor.net,1-649-658-0670
49,Aphrodite,Kinney,Cras@laoreetliberoet.com,1-346-184-5643
50,Blair,Hubbard,Aenean.gravida@Morbinonsapien.edu,1-584-383-7295
51,Rina,Whitehead,imperdiet@egestaslaciniaSed.ca,1-152-539-7357
52,Gregory,Donovan,Aliquam.tincidunt@Suspendisse.ca,1-732-481-0233
53,Sonia,Malone,Maecenas.iaculis.aliquet@sollicitudin.co.uk,1-398-668-8584
54,Chandler,Leblanc,egestas.hendrerit@magnaUttincidunt.co.uk,1-251-179-6059
55,Rhonda,Carver,tincidunt@interdumSedauctor.co.uk,1-255-138-2709
56,Dorian,Goodman,penatibus.et.magnis@euultricessit.co.uk,1-618-649-3680
57,Derek,Bishop,consectetuer@eutellus.edu,1-491-686-2659
58,Aiko,Gay,orci.in.consequat@lectus.org,1-708-374-3917
59,Thomas,Valencia,consectetuer.adipiscing@enimdiamvel.com,1-863-528-4265
60,Neve,Holt,tellus@magnaDuisdignissim.ca,1-682-653-6442
61,Holmes,Beach,primis.in@Fuscemi.ca,1-284-195-4686
62,Rigel,Short,sit@Craseutellus.net,1-843-248-1377
63,Tarik,Garza,fringilla.purus@gravida.edu,1-523-229-0819
64,Mikayla,Gibson,magna.tellus@interdum.org,1-307-189-5418
65,Carl,Watts,parturient@quamquisdiam.com,1-564-518-7925
66,Bethany,Woodward,ultrices@Uttincidunt.net,1-238-839-5605
67,Elijah,Carroll,eget.tincidunt.dui@felisorci.com,1-521-391-2418
68,Hall,Gray,placerat.velit.Quisque@malesuadaIntegerid.edu,1-311-170-5447
69,Shellie,Massey,nisl@tristique.ca,1-242-922-2364
70,Desiree,Douglas,natoque@faucibusleoin.ca,1-237-149-3669
71,Lars,Banks,Curabitur.consequat@auctorvitae.com,1-958-575-5165
72,Dawn,Shaffer,Sed@enimnectempus.net,1-779-719-4837
73,Gil,Carrillo,habitant.morbi@egestas.com,1-989-795-5586
74,Mercedes,Wilcox,Ut@Proin.co.uk,1-272-324-9244
75,Iliana,Kirkland,enim.nec@facilisisSuspendissecommodo.edu,1-841-270-4743
76,Jared,Todd,sociis.natoque.penatibus@Aliquam.co.uk,1-631-264-5567
77,Britanni,Paul,in.faucibus.orci@temporbibendumDonec.co.uk,1-274-491-6115
78,Ralph,Garcia,nec.metus@Nunclectus.org,1-716-204-4819
79,Aurora,Haynes,mauris.aliquam.eu@magna.co.uk,1-993-646-7613
80,Tatyana,Albert,Donec.tincidunt.Donec@Quisqueporttitoreros.net,1-440-392-6121
81,MacKensie,Lara,nec.quam@magnaUttincidunt.edu,1-391-752-3531
82,Colorado,Wilkins,nascetur@ProinmiAliquam.co.uk,1-603-662-9330
83,Walker,Ochoa,eget.nisi.dictum@dolor.org,1-498-957-0094
84,Merritt,Floyd,nec@nulla.org,1-107-703-3706
85,Jacob,Rodgers,Vestibulum.ut.eros@Sed.net,1-189-651-4924
86,Phelan,Richard,Suspendisse.aliquet.sem@nec.net,1-126-577-9189
87,Chancellor,Lambert,augue@placerat.co.uk,1-903-754-6657
88,Hasad,Vaughan,luctus.et.ultrices@Suspendissedui.com,1-354-160-9344
89,Jemima,Bennett,mollis@metus.co.uk,1-274-588-7515
90,Nyssa,Maddox,in@congueaaliquet.edu,1-177-725-5520
91,Sydnee,Gay,lectus@elit.org,1-846-600-3380
92,Raymond,Dodson,In@Sed.org,1-372-444-8086
93,Hiroko,Donaldson,mus@esttempor.com,1-763-853-1844
94,Jillian,Hurst,sagittis.semper.Nam@arcuSed.org,1-624-928-7267
95,Imogene,Farrell,metus.facilisis.lorem@Craseutellus.co.uk,1-813-145-4700
96,Inga,Parker,nec.mollis.vitae@nec.net,1-580-296-4040
97,Raphael,Russo,tellus@nisinibhlacinia.edu,1-736-883-5932
98,Felicia,Guthrie,Sed.malesuada.augue@hendreritconsectetuer.net,1-126-630-7129
99,Ali,Barlow,sit@Quisque.ca,1-165-591-4358
100,Brittany,Hutchinson,mauris.blandit@sollicitudinorci.co.uk,1-297-567-4971
